parameters;nr_topics;avg_similarity;topics
n_neighbors = 10 min_dist = 0.25 min_cluster = 15 min_sample = 3;14.0;0.8291260041449467;"0_erlassen_torwachter_beschluss_rechtsakte; 1_durchsetzung_nationale_ausschuss_vorschriften; 2_daten_recht_weiterverwendung_stellen; 3_hochrisikokisystem_hochrisikokisystems_hochrisikokisysteme_hochrisikokisystemen; 4_torwachter_plattformdienste_zentralen_gewerblichen; 5_eur_kosten_preisen_konstanten; 6_datenaltruistischen_organisationen_registrierung_zustandigen; 7_rat_parlament_europäischen_kraft; 8_notifizierten_stellen_anforderungen_konformitätsbewertungsverfahren; 9_dateninhaber_daten_stelle_datenempfänger; 10_eur_cluster_programm_saule; 11_normen_entwicklung_europäische_beratung; 12_datenvermittlungsdiensten_anbieter_datenvermittlungsdienste_behorde; 13_assoziierten_sitz_rechtstrager_teilnahme"
n_neighbors = 20 min_dist = 0.0 min_cluster = 20 min_sample = 5;13.0;0.8318605401397299;"0_torwachter_erlassen_unternehmen_gemaß; 1_hochrisikokisystem_hochrisikokisystemen_hochrisikokisystems_hochrisikokisysteme; 2_daten_weiterverwendung_recht_stellen; 3_eur_kosten_preisen_konstanten; 4_datenvermittlungsdiensten_datenvermittlungsdienste_anbieter_zustandigen; 5_programm_programms_partnerschaften_eur; 6_gilt_nr_richtlinie_geschaftstatigkeit; 7_normen_entwicklung_europäische_beratung; 8_rat_parlament_kraft_beschluss; 9_notifizierten_stellen_notifizierung_stelle; 10_datenaltruistischen_organisationen_anerkannten_organisation; 11_dateninhaber_daten_stelle_datenempfänger; 12_torwachter_gewerblichen_zentralen_softwareanwendungen"
n_neighbors = 20 min_dist = 0.0 min_cluster = 30 min_sample = 7;11.0;0.8373305083078412;"0_daten_dateninhaber_recht_datenaltruistischen; 1_erlassen_beschluss_torwachter_durchsetzung; 2_hochrisikokisystem_hochrisikokisystemen_hochrisikokisystems_anbieter; 3_datenvermittlungsdiensten_datenvermittlungsdienste_anbieter_zustandigen; 4_eur_kosten_preisen_begunstigten; 5_ausschuss_behörden_zuständigen_anwendung; 6_programm_programms_partnerschaften_eur; 7_gilt_nr_richtlinie_geschaftstatigkeit; 8_normen_entwicklung_europäische_beratung; 9_rat_parlament_kraft_beschluss; 10_notifizierten_stellen_stelle_notifizierte"
n_neighbors = 20 min_dist = 0.1 min_cluster = 20 min_sample = 5;13.0;0.8396193205928854;"0_torwachter_unternehmen_erlassen_plattformdienste; 1_daten_dateninhaber_stelle_datenaltruistischen; 2_hochrisikokisystem_hochrisikokisystemen_hochrisikokisystems_hochrisikokisysteme; 3_rat_parlament_gilt_europäischen; 4_ausschuss_behörden_zuständigen_mitgliedstaat; 5_programm_programms_partnerschaften_eur; 6_kosten_haushaltsordnung_rahmen_maßnahme; 7_datenvermittlungsdiensten_datenvermittlungsdienste_anbieter_zustandigen; 8_normen_entwicklung_beratung_europäische; 9_notifizierten_stellen_stelle_notifizierung; 10_vorschriften_durchsetzung_nationale_nachprufung; 11_interoperabilitat_interoperabilität_übertragbarkeit_daten; 12_torwachter_gewerblichen_zentralen_softwareanwendungen"
n_neighbors = 20 min_dist = 0.25 min_cluster = 20 min_sample = 5;11.0;0.8397669158422808;"0_daten_dateninhaber_datenaltruistischen_organisationen; 1_torwachter_erlassen_plattformdienste_unternehmen; 2_hochrisikokisystem_hochrisikokisystemen_hochrisikokisystems_hochrisikokisysteme; 3_ausschuss_nationale_behörden_durchsetzung; 4_parlament_rat_europäischen_gilt; 5_programm_programms_partnerschaften_eur; 6_kosten_haushaltsordnung_maßnahme_rahmen; 7_datenvermittlungsdiensten_datenvermittlungsdienste_anbieter_zustandigen; 8_normen_entwicklung_beratung_europaischer; 9_notifizierten_stellen_konformitätsbewertungstätigkeiten_notifizierung; 10_torwachter_gewerblichen_zentralen_softwareanwendungen"
n_neighbors = 20 min_dist = 0.25 min_cluster = 30 min_sample = 7;9.0;0.8399271363007821;"0_daten_dateninhaber_datenaltruistischen_stelle; 1_hochrisikokisystem_hochrisikokisystemen_notifizierten_hochrisikokisystems; 2_erlassen_beschluss_torwachter_rechtsakte; 3_ausschuss_nationale_behörden_durchsetzung; 4_programm_programms_partnerschaften_eur; 5_kosten_haushaltsordnung_rahmen_maßnahme; 6_plattformdienste_torwachter_zentralen_unternehmen; 7_datenvermittlungsdiensten_datenvermittlungsdienste_anbieter_zustandigen; 8_parlament_rat_beschluss_widerruf"
n_neighbors = 10 min_dist = 0.1 min_cluster = 20 min_sample = 5;16.0;0.8408217593442371;"0_erlassen_torwachter_beschluss_rechtsakte; 1_hochrisikokisystem_hochrisikokisystemen_hochrisikokisysteme_hochrisikokisystems; 2_nationale_ausschuss_durchsetzung_behörden; 3_datenvermittlungsdiensten_datenvermittlungsdienste_anbieter_zustandigen; 4_daten_weiterverwendung_stellen_recht; 5_kosten_haushaltsordnung_rahmen_programms; 6_programm_partnerschaften_eur_cluster; 7_rat_parlament_europäischen_kraft; 8_dateninhaber_daten_stelle_verlangen; 9_normen_entwicklung_europäische_beratung; 10_datenaltruistischen_organisationen_anerkannten_registrierung; 11_notifizierten_stellen_stelle_notifizierung; 12_plattformdienste_unternehmen_zentrale_bereitstellt; 13_sitz_assoziierten_rechtstrager_teilnahme; 14_torwachter_gewerblichen_zentralen_softwareanwendungen; 15_gilt_geschaftstatigkeit_bestatigung_meldung"
n_neighbors = 10 min_dist = 0.1 min_cluster = 25 min_sample = 6;13.0;0.8408880955477763;"0_daten_stelle_dateninhaber_weiterverwendung; 1_erlassen_torwachter_beschluss_rechtsakte; 2_hochrisikokisystem_hochrisikokisystemen_hochrisikokisystems_hochrisikokisysteme; 3_nationale_ausschuss_durchsetzung_behörden; 4_kosten_konnen_haushaltsordnung_rahmen; 5_datenvermittlungsdiensten_datenvermittlungsdienste_anbieter_zustandigen; 6_parlament_rat_europäischen_kraft; 7_programm_partnerschaften_eur_cluster; 8_begunstigten_sitz_ergebnissen_assoziierten; 9_normen_entwicklung_europäische_beratung; 10_datenaltruistischen_organisationen_anerkannten_organisation; 11_plattformdienste_unternehmen_zentrale_bereitstellt; 12_notifizierten_stellen_stelle_notifizierung"
n_neighbors = 20 min_dist = 0.1 min_cluster = 10 min_sample = 2;34.0;0.8414227460875902;"0_hochrisikokisystem_hochrisikokisystems_hochrisikokisystemen_hochrisikokisysteme; 1_programm_partnerschaften_programms_sitz; 2_eur_kosten_preisen_konstanten; 3_beschluss_torwachter_beurteilung_vorlaufigen; 4_erlassen_rechtsakte_befugnis_delegierte; 5_normen_europäische_entwicklung_beratung; 6_notifizierten_stellen_notifizierung_konformitätsbewertungstätigkeiten; 7_datenvermittlungsdiensten_datenvermittlungsdienste_anbieter_behorde; 8_benannten_namen_behorden_enthaltenen; 9_datenaltruistischen_organisationen_anerkannten_datenaltruistische; 10_plattformdienste_unternehmen_bereitstellt_zentrale; 11_dateninhaber_datenempfänger_daten_stelle; 12_torwachter_gewerblichen_zentralen_softwareanwendungen; 13_durchsetzung_vorschriften_nationale_behorde; 14_geschaftstatigkeit_gilt_bestatigung_meldung; 15_daten_offentlichen_person_maßnahme; 16_begunstigten_ergebnisse_ergebnissen_eigentumer; 17_monaten_erlass_marktuntersuchung_innerhalb; 18_arbeitsprogramm_vorschlagen_begunstigten_einreichung; 19_nr_richtlinie_parlaments_rates; 20_weiterverwendung_daten_rechte_datenkategorien; 21_parlament_rat_bericht_delegierten; 22_verwendung_strafverfolgungszwecken_kisysteme_verhütung; 23_daten_unionsrecht_stellen_personenbezogener; 24_ausschuss_gruppe_sitzungen_fragen; 25_behörden_zuständigen_mitgliedstaat_behörde; 26_anhang_konformitätsbewertungsverfahren_richtlinie_hochrisikokisystemen; 27_behorden_zustandigen_datenaltruistischen_registrierung; 28_übertragbarkeit_datenverarbeitungsdiensten_interoperabilitat_grundlegenden; 29_einseitig_partei_auferlegt_klausel; 30_intelligenz_künstlichen_künstliche_yyyxx; 31_geschäftsgeheimnisse_vertraulichkeit_wahren_weiterverwendung; 32_rat_parlament_widerruf_beschluss; 33_compliancefunktion_torwachters_leitungsorgan_compliancebeauftragten"
n_neighbors = 20 min_dist = 0.0 min_cluster = 10 min_sample = 2;37.0;0.8416699672746981;"0_hochrisikokisystem_hochrisikokisystems_hochrisikokisystemen_hochrisikokisysteme; 1_programm_programms_partnerschaften_sitz; 2_eur_kosten_preisen_konstanten; 3_beschluss_frist_torwachter_beurteilung; 4_rechtsakte_erlassen_befugnis_delegierte; 5_benannten_namen_behorden_enthaltenen; 6_normen_europäische_entwicklung_beratung; 7_notifizierten_stellen_notifizierte_stelle; 8_datenvermittlungsdiensten_datenvermittlungsdienste_anbieter_behorde; 9_plattformdienste_unternehmen_bereitstellt_zentrale; 10_datenaltruistischen_organisationen_datenaltruistische_anerkannten; 11_torwachter_gewerblichen_softwareanwendungen_zentralen; 12_durchsetzung_vorschriften_nationale_behorde; 13_geschaftstatigkeit_gilt_bestatigung_meldung; 14_daten_offentlichen_person_maßnahme; 15_datenverarbeitungsdiensten_übertragbarkeit_interoperabilitat_kommunikationsdienste; 16_arbeitsprogramm_vorschlagen_begunstigten_einreichung; 17_begunstigten_ergebnisse_ergebnissen_eigentumer; 18_einseitig_partei_auferlegt_klausel; 19_nr_richtlinie_markte_parlaments; 20_entscheidung_unionsrecht_recht_drittlands; 21_parlament_rat_bericht_delegierten; 22_weiterverwendung_daten_rechte_datenkategorien; 23_ausschuss_ausschusses_gruppe_sitzungen; 24_daten_geschäftsgeheimnisse_vertraulichkeit_besonderen; 25_monaten_innerhalb_marktuntersuchung_unbestimmte; 26_zustandigen_behorden_registrierung_datenaltruistischen; 27_stelle_öffentlichen_organ_dateninhaber; 28_verwendung_personenbezogener_verarbeitung_strafverfolgungszwecken; 29_konformitätsbewertungsverfahren_anhang_richtlinie_hochrisikokisystemen; 30_recht_gefordert_schutz_behörden; 31_behörden_zuständigen_behörde_mitgliedstaat; 32_rat_parlament_widerruf_beschluss; 33_intelligenz_künstlichen_künstliche_yyyxx; 34_nachprufung_bediensteten_ermachtigten_begleitpersonen; 35_dateninhaber_datenempfänger_daten_bereitstellung; 36_compliancefunktion_torwachters_leitungsorgan_compliancebeauftragten"
n_neighbors = 10 min_dist = 0.25 min_cluster = 25 min_sample = 6;12.0;0.8418014093773221;"0_hochrisikokisystem_hochrisikokisystemen_notifizierten_hochrisikokisystems; 1_erlassen_beschluss_torwachter_rechtsakte; 2_ausschuss_nationale_durchsetzung_behörden; 3_daten_weiterverwendung_stellen_recht; 4_kosten_haushaltsordnung_rahmen_maßnahme; 5_datenvermittlungsdiensten_datenvermittlungsdienste_anbieter_zustandigen; 6_eur_cluster_programm_saule; 7_parlament_rat_europäischen_parlaments; 8_datenaltruistischen_organisationen_anerkannten_organisation; 9_normen_entwicklung_beratung_europäische; 10_plattformdienste_unternehmen_zentrale_bereitstellt; 11_dateninhaber_daten_stelle_datenempfänger"
n_neighbors = 10 min_dist = 0.25 min_cluster = 20 min_sample = 5;15.0;0.8432125175185846;"0_hochrisikokisystem_hochrisikokisystemen_notifizierten_anforderungen; 1_erlassen_beschluss_torwachter_rechtsakte; 2_ausschuss_nationale_durchsetzung_behörden; 3_daten_weiterverwendung_recht_stellen; 4_kosten_haushaltsordnung_rahmen_konnen; 5_datenvermittlungsdiensten_datenvermittlungsdienste_anbieter_zustandigen; 6_parlament_rat_europäischen_kraft; 7_programm_eur_cluster_rahmen; 8_datenaltruistischen_organisationen_anerkannten_organisation; 9_dateninhaber_daten_stelle_datenempfänger; 10_normen_entwicklung_beratung_europäische; 11_plattformdienste_unternehmen_zentrale_bereitstellt; 12_gilt_nr_geschaftstatigkeit_bestatigung; 13_sitz_assoziierten_rechtstrager_teilnahme; 14_torwachter_gewerblichen_zentralen_softwareanwendungen"
n_neighbors = 10 min_dist = 0.0 min_cluster = 10 min_sample = 2;38.0;0.8445914987183405;"0_daten_weiterverwendung_recht_unionsrecht; 1_kosten_haushaltsordnung_unterstutzung_rahmen; 2_datenvermittlungsdiensten_datenvermittlungsdienste_anbieter_zustandigen; 3_eur_cluster_programm_partnerschaften; 4_rat_parlament_kraft_europäischen; 5_erlassen_delegierte_rechtsakte_befugnis; 6_dateninhaber_daten_datenempfänger_stelle; 7_notifizierten_stellen_notifizierte_stelle; 8_datenaltruistischen_organisationen_anerkannten_registrierung; 9_normen_entwicklung_beratung_europaischer; 10_hochrisikokisysteme_hochrisikokisystems_zweckbestimmung_müssen; 11_ausschuss_ausschusses_gruppe_fragen; 12_plattformdienste_unternehmen_zentrale_bereitstellt; 13_geschaftstatigkeit_bestatigung_gilt_meldung; 14_sitz_assoziierten_rechtstrager_teilnahme; 15_torwachter_gewerblichen_zentralen_softwareanwendungen; 16_hochrisikokisystem_händler_protokolle_hochrisikokisystemen; 17_arbeitsprogramm_vorschlagen_parteien_einreichung; 18_beurteilung_vorlaufigen_beschluss_torwachter; 19_daten_offentlichen_person_einrichtungen; 20_missionen_jahre_programms_verjahrungsfrist; 21_behörden_zuständigen_mitgliedstaat_behörde; 22_begunstigten_ergebnissen_ergebnisse_zugangsrechte; 23_tatigkeiten_ethischen_menschlicher_ethische; 24_nationale_durchsetzung_vorschriften_mitgliedstaats; 25_inverkehrbringen_beobachtung_system_dokumentation; 26_compliancefunktion_torwachters_leitungsorgan_uberwachung; 27_übrigen_melden_stand_notifiziert; 28_verwendung_personenbezogener_verarbeitung_strafverfolgungszwecken; 29_konformitätsbewertungsverfahren_anhang_richtlinie_notifizierten; 30_durchsetzung_vorschriften_hoheitsgebiet_befragung; 31_delegierter_erlass_befugnis_rechtsakte; 32_marktüberwachungsbehörde_markt_kisystem_betreffende; 33_intelligenz_künstlichen_künstliche_yyyxx; 34_unterlagen_behörde_zuständigen_eukonformitätserklärung; 35_auskunfte_unternehmensvereinigung_geldbußen_unrichtige; 36_datenverarbeitungsdiensten_übertragbarkeit_interoperabilität_interoperabilitätsspezifikationen; 37_einseitig_partei_auferlegt_klausel"
n_neighbors = 10 min_dist = 0.1 min_cluster = 15 min_sample = 3;21.0;0.8447842459383142;"0_erlassen_torwachter_beschluss_rechtsakte; 1_hochrisikokisystem_hochrisikokisystemen_hochrisikokisysteme_hochrisikokisystems; 2_daten_weiterverwendung_recht_stellen; 3_eur_kosten_konstanten_preisen; 4_datenvermittlungsdiensten_datenvermittlungsdienste_anbieter_zustandigen; 5_rat_parlament_kraft_europäischen; 6_ausschuss_ausschusses_gruppe_fragen; 7_partnerschaften_programm_cluster_eur; 8_durchsetzung_vorschriften_nationale_behorde; 9_dateninhaber_daten_stelle_datenempfänger; 10_normen_entwicklung_europäische_beratung; 11_datenaltruistischen_organisationen_anerkannten_registrierung; 12_notifizierten_stellen_stelle_notifizierung; 13_plattformdienste_unternehmen_zentrale_bereitstellt; 14_torwachter_gewerblichen_zentralen_softwareanwendungen; 15_sitz_assoziierten_rechtstrager_teilnahme; 16_geschaftstatigkeit_gilt_bestatigung_meldung; 17_behörden_zuständigen_mitgliedstaat_behörde; 18_daten_offentlichen_person_rahmen; 19_begunstigten_ergebnissen_ergebnisse_zugangsrechte; 20_arbeitsprogramm_vorschlagen_einreichung_finanzhilfevereinbarung"
n_neighbors = 20 min_dist = 0.0 min_cluster = 25 min_sample = 6;14.0;0.8452356386104922;"0_daten_dateninhaber_recht_stelle; 1_hochrisikokisystem_hochrisikokisystemen_hochrisikokisystems_hochrisikokisysteme; 2_erlassen_beschluss_torwachter_rechtsakte; 3_datenvermittlungsdiensten_datenvermittlungsdienste_anbieter_torwachter; 4_eur_kosten_preisen_konstanten; 5_programm_programms_partnerschaften_eur; 6_ausschuss_benannten_ausschusses_namen; 7_gilt_nr_richtlinie_geschaftstatigkeit; 8_normen_entwicklung_europäische_beratung; 9_rat_parlament_kraft_beschluss; 10_notifizierten_stellen_stelle_notifizierte; 11_datenaltruistischen_organisationen_anerkannten_organisation; 12_plattformdienste_unternehmen_bereitstellt_zentrale; 13_durchsetzung_vorschriften_nationale_behorde"
n_neighbors = 10 min_dist = 0.0 min_cluster = 15 min_sample = 3;23.0;0.8455021348792534;"0_hochrisikokisystem_hochrisikokisystemen_hochrisikokisystems_hochrisikokisysteme; 1_daten_weiterverwendung_recht_unionsrecht; 2_datenvermittlungsdiensten_datenvermittlungsdienste_anbieter_zustandigen; 3_beschluss_torwachter_beurteilung_erlass; 4_ausschuss_ausschusses_fragen_gruppe; 5_kosten_haushaltsordnung_rahmen_unterstutzung; 6_eur_cluster_programm_partnerschaften; 7_rat_parlament_kraft_europäischen; 8_erlassen_delegierte_rechtsakte_befugnis; 9_dateninhaber_daten_stelle_datenempfänger; 10_notifizierten_stellen_stelle_notifizierte; 11_durchsetzung_vorschriften_nationale_behorde; 12_normen_entwicklung_beratung_europäische; 13_datenaltruistischen_organisationen_anerkannten_registrierung; 14_plattformdienste_unternehmen_zentrale_bereitstellt; 15_geschaftstatigkeit_gilt_bestatigung_meldung; 16_torwachter_gewerblichen_zentralen_softwareanwendungen; 17_sitz_assoziierten_rechtstrager_teilnahme; 18_arbeitsprogramm_vorschlagen_einreichung_ergebnisse; 19_missionen_jahre_frist_programms; 20_behörden_zuständigen_mitgliedstaat_behörde; 21_daten_offentlichen_person_maßnahme; 22_begunstigten_ergebnissen_ergebnisse_zugangsrechte"
n_neighbors = 5 min_dist = 0.25 min_cluster = 25 min_sample = 6;9.0;0.8473301566406851;"0_erlassen_torwachter_beschluss_gemaß; 1_hochrisikokisystem_hochrisikokisystemen_behörden_zuständigen; 2_daten_dateninhaber_datenaltruistischen_organisationen; 3_kosten_haushaltsordnung_programms_programm; 4_plattformdienste_torwachter_zentralen_unternehmen; 5_begunstigten_rechtstrager_ergebnisse_arbeitsprogramm; 6_datenvermittlungsdiensten_datenvermittlungsdienste_anbieter_zustandigen; 7_eur_cluster_programm_partnerschaften; 8_geschaftstatigkeit_bestatigung_gilt_meldung"
n_neighbors = 20 min_dist = 0.25 min_cluster = 15 min_sample = 3;19.0;0.8475355228326232;"0_hochrisikokisystem_hochrisikokisystemen_hochrisikokisystems_hochrisikokisysteme; 1_daten_weiterverwendung_recht_stellen; 2_datenaltruistischen_dateninhaber_daten_organisationen; 3_ausschuss_behörden_mitgliedstaat_zuständigen; 4_programm_programms_partnerschaften_eur; 5_kosten_haushaltsordnung_rahmen_mischfinanzierung; 6_datenvermittlungsdiensten_datenvermittlungsdienste_anbieter_zustandigen; 7_beschluss_beurteilung_torwachter_vorlaufigen; 8_rechtsakte_erlassen_befugnis_delegierte; 9_geldbuße_frist_geldbußen_auskunfte; 10_rat_parlament_kraft_widerruf; 11_normen_entwicklung_beratung_europaischer; 12_vorschriften_durchsetzung_nationale_behorde; 13_plattformdienste_unternehmen_zentrale_bereitstellt; 14_notifizierten_stellen_konformitätsbewertungstätigkeiten_notifizierung; 15_nr_gilt_anderung_genommen; 16_torwachter_gewerblichen_zentralen_softwareanwendungen; 17_begunstigten_ergebnisse_ergebnissen_eigentumer; 18_daten_offentlichen_person_einrichtungen"
n_neighbors = 10 min_dist = 0.0 min_cluster = 20 min_sample = 5;18.0;0.8475881239195767;"0_hochrisikokisystem_hochrisikokisystemen_hochrisikokisystems_anbieter; 1_daten_weiterverwendung_recht_unionsrecht; 2_kosten_haushaltsordnung_programms_unterstutzung; 3_beschluss_torwachter_erlass_beurteilung; 4_datenvermittlungsdiensten_datenvermittlungsdienste_anbieter_zustandigen; 5_ausschuss_ausschusses_gruppe_fragen; 6_programm_partnerschaften_eur_cluster; 7_rat_parlament_europäischen_kraft; 8_erlassen_delegierte_rechtsakte_befugnis; 9_dateninhaber_daten_stelle_datenempfänger; 10_notifizierten_stellen_stelle_notifizierte; 11_durchsetzung_vorschriften_nationale_behorde; 12_normen_entwicklung_beratung_europäische; 13_datenaltruistischen_organisationen_anerkannten_registrierung; 14_plattformdienste_unternehmen_zentrale_bereitstellt; 15_gilt_geschaftstatigkeit_bestatigung_meldung; 16_torwachter_gewerblichen_zentralen_softwareanwendungen; 17_sitz_assoziierten_rechtstrager_teilnahme"
n_neighbors = 5 min_dist = 0.25 min_cluster = 30 min_sample = 7;6.0;0.8478064234483781;"0_torwachter_plattformdienste_unternehmen_erlassen; 1_daten_datenvermittlungsdiensten_organisationen_anbieter; 2_hochrisikokisystem_behörden_hochrisikokisystemen_anbieter; 3_kosten_haushaltsordnung_programms_unterstutzung; 4_eur_cluster_programm_partnerschaften; 5_begunstigten_sitz_assoziierten_rechtstrager"
n_neighbors = 20 min_dist = 0.1 min_cluster = 25 min_sample = 6;12.0;0.84806724784227;"0_torwachter_unternehmen_erlassen_plattformdienste; 1_hochrisikokisystem_hochrisikokisystemen_hochrisikokisystems_hochrisikokisysteme; 2_ausschuss_vorschriften_nationale_durchsetzung; 3_kosten_haushaltsordnung_rahmen_konnen; 4_daten_weiterverwendung_recht_stellen; 5_datenaltruistischen_organisationen_daten_dateninhaber; 6_programm_programms_partnerschaften_eur; 7_datenvermittlungsdiensten_datenvermittlungsdienste_anbieter_zustandigen; 8_parlament_rat_kraft_beschluss; 9_normen_entwicklung_beratung_europäische; 10_gilt_nr_geschaftstatigkeit_anderung; 11_notifizierten_stellen_konformitätsbewertungstätigkeiten_notifizierung"
n_neighbors = 20 min_dist = 0.1 min_cluster = 15 min_sample = 3;22.0;0.848465986404901;"0_hochrisikokisystem_hochrisikokisystemen_hochrisikokisystems_hochrisikokisysteme; 1_ausschuss_behörden_zuständigen_mitgliedstaat; 2_dateninhaber_datenaltruistischen_daten_organisationen; 3_daten_weiterverwendung_recht_unionsrecht; 4_parlament_rat_kraft_europäischen; 5_eur_kosten_preisen_konstanten; 6_datenvermittlungsdiensten_datenvermittlungsdienste_anbieter_zustandigen; 7_normen_eukonformitätserklärung_entwicklung_europäische; 8_programm_partnerschaften_eur_programms; 9_rechtsakte_befugnis_erlassen_delegierte; 10_notifizierten_stellen_notifizierung_konformitätsbewertungstätigkeiten; 11_plattformdienste_unternehmen_bereitstellt_zentrale; 12_vorschriften_nationale_durchsetzung_behorde; 13_torwachter_gewerblichen_zentralen_softwareanwendungen; 14_beschluss_torwachter_beurteilung_vorlaufigen; 15_geschaftstatigkeit_gilt_bestatigung_meldung; 16_geldbuße_frist_geldbußen_auskunfte; 17_assoziierten_sitz_rechtstrager_teilnahme; 18_begunstigten_ergebnisse_ergebnissen_eigentumer; 19_monaten_erlass_marktuntersuchung_innerhalb; 20_partei_einseitig_klausel_auferlegt; 21_daten_offentlichen_person_einrichtungen"
n_neighbors = 5 min_dist = 0.0 min_cluster = 30 min_sample = 7;11.0;0.848507564909675;"0_hochrisikokisystem_hochrisikokisystemen_hochrisikokisystems_anbieter; 1_daten_dateninhaber_datenaltruistischen_stelle; 2_beschluss_torwachter_marktuntersuchung_innerhalb; 3_erlassen_durchsetzung_durchfuhrungsrechtsakt_vorschriften; 4_ausschuss_behörden_behorden_benannten; 5_datenvermittlungsdiensten_datenvermittlungsdienste_anbieter_zustandigen; 6_notifizierten_behörden_stellen_behörde; 7_kosten_haushaltsordnung_unterstutzung_programms; 8_begunstigten_sitz_assoziierten_rechtstrager; 9_eur_cluster_programm_partnerschaften; 10_daten_unterstutzung_verwendung_entwicklung"
n_neighbors = 5 min_dist = 0.0 min_cluster = 25 min_sample = 6;17.0;0.8486921943334427;"0_hochrisikokisystem_hochrisikokisystemen_hochrisikokisystems_anbieter; 1_erlassen_durchsetzung_durchfuhrungsrechtsakt_vorschriften; 2_torwachter_beschluss_beurteilung_marktuntersuchung; 3_datenvermittlungsdiensten_datenvermittlungsdienste_anbieter_zustandigen; 4_datenaltruistischen_daten_organisationen_dateninhaber; 5_daten_weiterverwendung_stellen_recht; 6_ausschuss_aufgaben_behörden_gruppe; 7_kosten_haushaltsordnung_programms_unterstutzung; 8_begunstigten_sitz_assoziierten_rechtstrager; 9_geldbuße_frist_zahlung_bewertung; 10_daten_unterstutzung_verwendung_entwicklung; 11_eur_cluster_programm_partnerschaften; 12_notifizierten_stellen_stelle_notifizierte; 13_plattformdienste_unternehmen_zentrale_bereitstellt; 14_geschaftstatigkeit_gilt_bestatigung_meldung; 15_normen_europäische_datenverarbeitungsdiensten_interoperabilität; 16_torwachter_gewerblichen_zentralen_softwareanwendungen"
n_neighbors = 10 min_dist = 0.1 min_cluster = 10 min_sample = 2;36.0;0.8489625830130393;"0_daten_weiterverwendung_recht_unionsrecht; 1_beurteilung_torwachter_beschluss_vorlaufigen; 2_kosten_haushaltsordnung_unterstutzung_rahmen; 3_eur_cluster_partnerschaften_programm; 4_notifizierten_stellen_notifizierte_stelle; 5_normen_europäische_entwicklung_beratung; 6_dateninhaber_daten_stelle_datenempfänger; 7_datenvermittlungsdiensten_anbieter_datenvermittlungsdienste_datenverarbeitungsdiensten; 8_datenaltruistischen_organisationen_anerkannten_registrierung; 9_parlament_rat_bericht_europäischen; 10_erlassen_delegierte_rechtsakte_verpflichtungen; 11_hochrisikokisysteme_hochrisikokisystems_zweckbestimmung_müssen; 12_geschaftstatigkeit_gilt_bestatigung_titel; 13_plattformdienste_unternehmen_zentrale_bereitstellt; 14_durchsetzung_vorschriften_nationale_behorde; 15_torwachter_gewerblichen_zentralen_softwareanwendungen; 16_sitz_assoziierten_rechtstrager_teilnahme; 17_hochrisikokisystem_händler_verkehr_betrieb; 18_behörden_zuständigen_mitgliedstaat_behörde; 19_begunstigten_ergebnissen_ergebnisse_zugangsrechte; 20_daten_offentlichen_person_maßnahme; 21_missionen_jahre_programms_frist; 22_arbeitsprogramm_vorschlagen_begunstigten_einreichung; 23_zusammenfassung_nationale_marktüberwachungstätigkeiten_anfragen; 24_ausschuss_ausschusses_gruppe_sitzungen; 25_zustandigen_behorden_registrierung_datenaltruistischen; 26_inverkehrbringen_system_hochrisikokisystems_anbieter; 27_verwendung_personenbezogener_verarbeitung_strafverfolgungszwecken; 28_melden_stand_notifiziert_teilen; 29_konformitätsbewertungsverfahren_anhang_richtlinie_notifizierten; 30_intelligenz_künstlichen_künstliche_yyyxx; 31_compliancefunktion_torwachters_leitungsorgan_compliancebeauftragten; 32_delegierter_befugnis_erlass_rechtsakte; 33_marktüberwachungsbehörde_markt_kisystem_betreffende; 34_rat_parlament_widerruf_beschluss; 35_einseitig_partei_auferlegt_klausel"
n_neighbors = 20 min_dist = 0.0 min_cluster = 15 min_sample = 3;25.0;0.8490954317279131;"0_hochrisikokisystem_hochrisikokisystemen_hochrisikokisystems_hochrisikokisysteme; 1_ausschuss_behörden_zuständigen_mitgliedstaat; 2_daten_weiterverwendung_recht_stellen; 3_rechtsakte_befugnis_erlassen_delegierte; 4_eur_kosten_preisen_konstanten; 5_datenvermittlungsdiensten_datenvermittlungsdienste_anbieter_zustandigen; 6_programm_partnerschaften_eur_cluster; 7_dateninhaber_daten_stelle_datenempfänger; 8_parlament_rat_kraft_widerruf; 9_notifizierten_stellen_stelle_notifizierte; 10_durchsetzung_vorschriften_behorde_nationale; 11_normen_entwicklung_europäische_beratung; 12_plattformdienste_unternehmen_bereitstellt_zentrale; 13_datenaltruistischen_organisationen_anerkannten_organisation; 14_geldbuße_frist_geldbußen_missionen; 15_torwachter_gewerblichen_zentralen_softwareanwendungen; 16_geschaftstatigkeit_gilt_bestatigung_meldung; 17_beschluss_torwachter_beurteilung_vorlaufigen; 18_daten_offentlichen_person_maßnahme; 19_sitz_assoziierten_rechtstrager_teilnahme; 20_arbeitsprogramm_vorschlagen_begunstigten_einreichung; 21_datenverarbeitungsdiensten_übertragbarkeit_interoperabilitat_kommunikationsdienste; 22_einseitig_partei_auferlegt_klausel; 23_begunstigten_ergebnisse_ergebnissen_eigentumer; 24_nr_richtlinie_parlaments_rates"
n_neighbors = 10 min_dist = 0.25 min_cluster = 10 min_sample = 2;33.0;0.84989143203221;"0_kosten_haushaltsordnung_unterstutzung_rahmen; 1_daten_weiterverwendung_recht_entscheidung; 2_rat_parlament_kraft_europäischen; 3_hochrisikokisystems_hochrisikokisysteme_müssen_zweckbestimmung; 4_normen_europäische_entwicklung_beratung; 5_dateninhaber_daten_stelle_datenempfänger; 6_datenvermittlungsdiensten_datenvermittlungsdienste_anbieter_behorde; 7_notifizierten_stellen_notifizierung_notifizierende; 8_datenaltruistischen_organisationen_anerkannten_datenaltruistische; 9_beschluss_torwachter_beabsichtigt_vorlaufigen; 10_partnerschaften_ziele_programms_europaische; 11_erlassen_rechtsakte_delegierte_befugnis; 12_unverzüglich_informationen_melden_zusammenfassung; 13_torwachter_gewerblichen_zentralen_softwareanwendungen; 14_sitz_assoziierten_rechtstrager_teilnahme; 15_geschaftstatigkeit_bestatigung_gilt_titel; 16_behörden_mitgliedstaat_zuständigen_behörde; 17_unternehmen_plattformdienste_zentrale_bereitstellt; 18_hochrisikokisystem_händler_einführer_anbieter; 19_durchsetzung_vorschriften_nationale_mitgliedstaats; 20_begunstigten_ergebnissen_ergebnisse_zugangsrechte; 21_frist_verjahrungsfrist_ruht_jahre; 22_behorden_datenaltruistischen_zustandigen_registrierung; 23_verwendung_personenbezogener_verarbeitung_strafverfolgungszwecken; 24_anhang_konformitätsbewertungsverfahren_richtlinie_notifizierten; 25_beurteilung_monaten_vorlaufigen_marktuntersuchung; 26_cluster_eur_programm_eit; 27_nachprufung_bediensteten_ermachtigten_behorde; 28_ausschuss_sitzungen_aufsichtsbehörden_gruppe; 29_intelligenz_künstlichen_künstliche_yyyxx; 30_marktüberwachungsbehörde_markt_kisystem_betreffende; 31_auskunfte_unternehmensvereinigung_geldbußen_geldbuße; 32_einseitig_partei_auferlegt_klausel"
n_neighbors = 7 min_dist = 0.0 min_cluster = 15 min_sample = 3;22.0;0.8500077782408438;"0_ausschuss_durchsetzung_nationale_vorschriften; 1_beschluss_torwachter_marktuntersuchung_beurteilung; 2_daten_weiterverwendung_recht_unionsrecht; 3_erlassen_durchfuhrungsrechtsakt_delegierte_rechtsakte; 4_datenvermittlungsdiensten_datenvermittlungsdienste_anbieter_zustandigen; 5_hochrisikokisystem_verkehr_marktüberwachungsbehörde_anbieter; 6_daten_person_rahmen_verwendung; 7_kosten_haushaltsordnung_forderfahigen_maßnahme; 8_eur_cluster_partnerschaften_programm; 9_hochrisikokisystems_hochrisikokisysteme_inverkehrbringen_risiken; 10_parlament_rat_bericht_parlaments; 11_normen_entwicklung_europäische_beratung; 12_datenaltruistischen_organisationen_anerkannten_registrierung; 13_notifizierten_stellen_stelle_notifizierende; 14_dateninhaber_daten_stelle_verlangen; 15_torwachter_gewerblichen_zentralen_softwareanwendungen; 16_plattformdienste_unternehmen_zentrale_bereitstellt; 17_geschaftstatigkeit_bestatigung_gilt_meldung; 18_sitz_assoziierten_rechtstrager_teilnahme; 19_vorschlagen_arbeitsprogramm_parteien_einreichung; 20_begunstigten_ergebnisse_ergebnissen_eigentumer; 21_behörden_zuständigen_mitgliedstaat_behörde"
n_neighbors = 20 min_dist = 0.25 min_cluster = 25 min_sample = 6;11.0;0.8502798506145307;"0_daten_dateninhaber_datenaltruistischen_organisationen; 1_hochrisikokisystem_hochrisikokisystemen_notifizierten_hochrisikokisystems; 2_erlassen_beschluss_torwachter_rechtsakte; 3_ausschuss_nationale_behörden_durchsetzung; 4_programm_programms_partnerschaften_eur; 5_kosten_haushaltsordnung_maßnahme_konnen; 6_plattformdienste_torwachter_zentralen_unternehmen; 7_datenvermittlungsdiensten_datenvermittlungsdienste_anbieter_zustandigen; 8_rat_parlament_kraft_beschluss; 9_normen_entwicklung_beratung_europäische; 10_nr_gilt_geschaftstatigkeit_anderung"
n_neighbors = 5 min_dist = 0.1 min_cluster = 15 min_sample = 3;26.0;0.8504023606974631;"0_hochrisikokisystem_hochrisikokisystemen_hochrisikokisysteme_hochrisikokisystems; 1_erlassen_durchsetzung_durchfuhrungsrechtsakt_vorschriften; 2_rahmen_programms_kosten_programm; 3_notifizierten_mitgliedstaat_behörden_stellen; 4_ausschuss_informationen_ausschusses_benannten; 5_datenvermittlungsdiensten_datenvermittlungsdienste_anbieter_zustandigen; 6_daten_unterstutzung_verwendung_entwicklung; 7_geldbuße_geldbußen_frist_zahlung; 8_datenaltruistischen_organisationen_anerkannten_registrierung; 9_beschluss_beurteilung_vorlaufigen_torwachter; 10_weiterverwendung_daten_recht_stellen; 11_eur_cluster_begunstigten_konstanten; 12_plattformdienste_unternehmen_zentrale_bereitstellt; 13_geschaftstatigkeit_bestatigung_gilt_meldung; 14_dateninhaber_daten_stelle_öffentliche; 15_torwachter_gewerblichen_zentralen_softwareanwendungen; 16_marktuntersuchung_monaten_innerhalb_torwachter; 17_normen_europäische_datenverarbeitungsdiensten_interoperabilität; 18_sitz_assoziierten_rechtstrager_teilnahme; 19_daten_offentlichen_weiterverwendung_stelle; 20_nr_richtlinie_gilt_parlaments; 21_compliancefunktion_torwachters_torwachter_leitungsorgan; 22_parlament_rat_bericht_ubermittelt; 23_entscheidung_drittlands_urteil_recht; 24_intelligenz_künstlichen_künstliche_yyyxx; 25_vorschlagen_arbeitsprogramm_einreichung_nutzung"
n_neighbors = 5 min_dist = 0.0 min_cluster = 20 min_sample = 5;21.0;0.8505317728723416;"0_erlassen_durchsetzung_ausschuss_nationale; 1_hochrisikokisystem_hochrisikokisystemen_hochrisikokisystems_anbieter; 2_datenvermittlungsdiensten_datenvermittlungsdienste_anbieter_zustandigen; 3_daten_weiterverwendung_stellen_recht; 4_kosten_haushaltsordnung_programms_unterstutzung; 5_eur_cluster_programm_programms; 6_geldbuße_frist_zahlung_vorschlage; 7_daten_unterstutzung_verwendung_entwicklung; 8_beschluss_beurteilung_torwachter_vorlaufigen; 9_notifizierten_stellen_stelle_notifizierte; 10_datenaltruistischen_organisationen_anerkannten_organisation; 11_plattformdienste_unternehmen_zentrale_zentralen; 12_torwachter_gewerblichen_zentralen_softwareanwendungen; 13_geschaftstatigkeit_bestatigung_gilt_meldung; 14_entscheidung_drittlands_recht_urteil; 15_normen_europäische_datenverarbeitungsdiensten_interoperabilität; 16_dateninhaber_daten_stelle_datenempfänger; 17_marktuntersuchung_monaten_innerhalb_erlass; 18_sitz_assoziierten_rechtstrager_teilnahme; 19_nr_richtlinie_gilt_parlaments; 20_compliancefunktion_torwachters_torwachter_leitungsorgan"
n_neighbors = 20 min_dist = 0.1 min_cluster = 30 min_sample = 7;9.0;0.8505526462363214;"0_hochrisikokisystem_hochrisikokisystemen_notifizierten_anbieter; 1_torwachter_erlassen_unternehmen_plattformdienste; 2_daten_dateninhaber_datenaltruistischen_stelle; 3_rat_parlament_gilt_europäischen; 4_begunstigten_programm_programms_partnerschaften; 5_ausschuss_nationale_vorschriften_durchsetzung; 6_kosten_haushaltsordnung_konnen_rahmen; 7_datenvermittlungsdiensten_datenvermittlungsdienste_anbieter_zustandigen; 8_normen_entwicklung_beratung_europäische"
n_neighbors = 7 min_dist = 0.1 min_cluster = 10 min_sample = 2;37.0;0.8506793649087129;"0_durchsetzung_vorschriften_nationale_informationen; 1_hochrisikokisystems_hochrisikokisysteme_inverkehrbringen_risiken; 2_kosten_haushaltsordnung_ausgaben_forderfahigen; 3_datenvermittlungsdiensten_datenvermittlungsdienste_anbieter_behorde; 4_datenaltruistischen_organisationen_anerkannten_registrierung; 5_notifizierten_stellen_stelle_notifizierung; 6_beschluss_auskunfte_angaben_unternehmensvereinigung; 7_dateninhaber_daten_stelle_datenempfänger; 8_ausschuss_widerruf_beschluss_angegebenen; 9_weiterverwendung_daten_dateninhaber_nutzer; 10_erlassen_delegierte_rechtsakte_durchfuhrungsrechtsakt; 11_maßnahme_rahmen_verwendung_daten; 12_marktüberwachungsbehörde_hochrisikokisystem_markt_kisystem; 13_sitz_assoziierten_rechtstrager_teilnahme; 14_geschaftstatigkeit_bestatigung_meldung_gilt; 15_torwachter_gewerblichen_zentralen_softwareanwendungen; 16_daten_weiterverwendung_personenbezogener_offentliche; 17_parlament_rat_bericht_ubermittelt; 18_behörden_zuständigen_mitgliedstaat_behörde; 19_eur_cluster_eic_europa; 20_beurteilung_vorlaufigen_beabsichtigt_torwachter; 21_beratung_entwicklung_europaischer_datenschutzbeauftragte; 22_begunstigten_ergebnisse_ergebnissen_eigentumer; 23_drittlands_entscheidung_urteil_drittland; 24_nummer_plattformdienste_sinne_onlinevermittlungsdienste; 25_richtlinie_konformitätsbewertungsverfahren_anhang_hochrisikokisystemen; 26_unternehmen_plattformdienste_bereitstellt_zentrale; 27_normen_beauftragen_normungsorganisationen_fundstellen; 28_richtlinie_ab_parlaments_rates; 29_intelligenz_künstlichen_künstliche_yyyxx; 30_programm_ziele_fui_tatigkeiten; 31_einleitet_wechselentgelte_untersuchungsbefugnisse_erachtet; 32_befugnis_funf_delegierter_erlass; 33_vorschlagen_arbeitsprogramm_einreichung_plan; 34_compliancefunktion_torwachters_leitungsorgan_compliancebeauftragten; 35_einseitig_partei_auferlegt_klausel; 36_verkehr_betrieb_hochrisikokisystemen_gebracht"
n_neighbors = 5 min_dist = 0.0 min_cluster = 10 min_sample = 2;43.0;0.850778248889667;"0_hochrisikokisystem_hochrisikokisystemen_hochrisikokisystems_hochrisikokisysteme; 1_datenvermittlungsdiensten_datenvermittlungsdienste_anbieter_zustandigen; 2_durchsetzung_vorschriften_nationale_behorde; 3_beschluss_beurteilung_vorlaufigen_torwachter; 4_notifizierten_stellen_notifizierte_notifizierung; 5_datenaltruistischen_organisationen_anerkannten_registrierung; 6_kosten_forderfahigen_haushaltsordnung_unterstutzung; 7_dateninhaber_daten_stelle_datenempfänger; 8_geschaftstatigkeit_bestatigung_gilt_meldung; 9_normen_europäische_datenverarbeitungsdiensten_übertragbarkeit; 10_torwachter_gewerblichen_softwareanwendungen_zentralen; 11_marktuntersuchung_monaten_innerhalb_funf; 12_sitz_assoziierten_rechtstrager_teilnahme; 13_drittlands_entscheidung_urteil_recht; 14_partnerschaften_programms_missionen_rahmen; 15_nr_richtlinie_gilt_parlaments; 16_compliancefunktion_torwachters_leitungsorgan_interoperabilitat; 17_ausschuss_ausschusses_gruppe_sitzungen; 18_entwicklung_maßnahme_unterstutzung_beratung; 19_behörden_zuständigen_mitgliedstaat_sanktionen; 20_rat_parlament_bericht_ubermittelt; 21_weiterverwendung_daten_produktes_erzeugt; 22_begunstigten_ergebnisse_legitimen_eigentum; 23_durchfuhrungsrechtsakt_erlassen_verpflichtungen_versehenen; 24_recht_unionsrecht_schutz_personenbezogener; 25_enthaltenen_rechtsetzung_bessere_interinstitutionellen; 26_vorschlagen_arbeitsprogramm_einreichung_nutzung; 27_namen_teilt_anderungen_teilen; 28_mitgliedstaat_harmonisierten_erhebt_prüfverfahren; 29_auskunfte_unternehmensvereinigung_irrefuhrende_unvollstandige; 30_intelligenz_künstlichen_künstliche_yyyxx; 31_unternehmen_plattformdienste_bereitstellt_zentrale; 32_verwendung_personenbezogener_verarbeitung_strafverfolgungszwecken; 33_delegierte_übertragen_rechtsakte_befugnis; 34_nummer_plattformdienste_sinne_onlinevermittlungsdienste; 35_verjahrungsfrist_frist_ruht_lauft; 36_daten_offentlichen_weiterverwendung_weiterverwender; 37_eur_cluster_konstanten_preisen; 38_programm_ausgaben_programms_genannte; 39_auskunfte_erfullung_zusammenfassung_beschlusses; 40_geschäftsgeheimnisse_vertraulichkeit_wahren_gegenüber; 41_vorschlage_bewertung_bewertet_bewertungsausschuss; 42_einseitig_partei_auferlegt_klausel"
n_neighbors = 7 min_dist = 0.0 min_cluster = 10 min_sample = 2;36.0;0.8511255838435318;"0_programms_programm_eur_rahmen; 1_daten_weiterverwendung_recht_unionsrecht; 2_erlassen_durchfuhrungsrechtsakt_delegierte_rechtsakte; 3_hochrisikokisystem_verkehr_marktüberwachungsbehörde_betrieb; 4_datenvermittlungsdiensten_datenvermittlungsdienste_anbieter_zustandigen; 5_hochrisikokisystems_hochrisikokisysteme_inverkehrbringen_risiken; 6_datenaltruistischen_organisationen_anerkannten_registrierung; 7_dateninhaber_daten_stelle_datenempfänger; 8_notifizierten_stellen_stelle_notifizierung; 9_beschluss_auskunfte_angaben_unternehmensvereinigung; 10_torwachter_gewerblichen_zentralen_softwareanwendungen; 11_durchsetzung_vorschriften_nationale_behorde; 12_sitz_assoziierten_rechtstrager_teilnahme; 13_geschaftstatigkeit_bestatigung_gilt_meldung; 14_beratung_entwicklung_europaischer_datenschutzbeauftragte; 15_begunstigten_ergebnisse_ergebnissen_eigentumer; 16_behörden_zuständigen_mitgliedstaat_behörde; 17_vorschlagen_arbeitsprogramm_parteien_einreichung; 18_parlament_rat_bericht_ubermittelt; 19_beurteilung_vorlaufigen_beabsichtigt_torwachter; 20_richtlinie_konformitätsbewertungsverfahren_anhang_hochrisikokisystemen; 21_unternehmen_plattformdienste_bereitstellt_zentrale; 22_bericht_informationen_zusammenfassung_marktüberwachungstätigkeiten; 23_normen_beauftragen_normungsorganisationen_fundstellen; 24_frist_verjahrungsfrist_ruht_lauft; 25_nummer_plattformdienste_sinne_onlinevermittlungsdienste; 26_maßnahme_informationsstelle_rahmen_fuitatigkeiten; 27_verwendung_personenbezogener_verarbeitung_strafverfolgungszwecken; 28_ausschuss_gruppe_sitzungen_fragen; 29_richtlinie_parlaments_rates_tritt; 30_intelligenz_künstlichen_künstliche_yyyxx; 31_marktuntersuchung_monaten_plattformdienste_torwachter; 32_geschäftsgeheimnisse_vertraulichkeit_wahren_gegenüber; 33_einseitig_partei_auferlegt_klausel; 34_compliancefunktion_torwachters_leitungsorgan_compliancebeauftragten; 35_interinstitutionellen_rechtsetzung_enthaltenen_bessere"
n_neighbors = 5 min_dist = 0.1 min_cluster = 25 min_sample = 6;11.0;0.8516100298438096;"0_erlassen_beschluss_torwachter_durchsetzung; 1_hochrisikokisystem_hochrisikokisystemen_hochrisikokisystems_anbieter; 2_kosten_haushaltsordnung_programms_rahmen; 3_plattformdienste_torwachter_zentralen_unternehmen; 4_datenaltruistischen_organisationen_daten_dateninhaber; 5_eur_cluster_begunstigten_programm; 6_datenvermittlungsdiensten_datenvermittlungsdienste_anbieter_zustandigen; 7_notifizierten_stellen_stelle_notifizierte; 8_daten_weiterverwendung_stellen_rechte; 9_daten_unterstutzung_verwendung_entwicklung; 10_geschaftstatigkeit_gilt_bestatigung_meldung"
n_neighbors = 5 min_dist = 0.0 min_cluster = 15 min_sample = 3;26.0;0.8517367061873189;"0_hochrisikokisystem_hochrisikokisystemen_hochrisikokisystems_anbieter; 1_programms_eur_programm_rahmen; 2_erlassen_durchsetzung_durchfuhrungsrechtsakt_vorschriften; 3_daten_weiterverwendung_rechte_recht; 4_datenvermittlungsdiensten_datenvermittlungsdienste_anbieter_zustandigen; 5_ausschuss_ausschusses_gruppe_informationen; 6_daten_unterstutzung_verwendung_entwicklung; 7_geldbuße_frist_bewertung_zahlung; 8_notifizierten_stellen_notifizierte_stelle; 9_datenaltruistischen_organisationen_anerkannten_registrierung; 10_beschluss_beurteilung_vorlaufigen_torwachter; 11_plattformdienste_unternehmen_zentrale_bereitstellt; 12_dateninhaber_daten_stelle_datenempfänger; 13_geschaftstatigkeit_bestatigung_gilt_meldung; 14_normen_europäische_datenverarbeitungsdiensten_interoperabilität; 15_marktuntersuchung_monaten_innerhalb_torwachter; 16_torwachter_gewerblichen_zentralen_softwareanwendungen; 17_sitz_assoziierten_rechtstrager_teilnahme; 18_entscheidung_drittlands_urteil_recht; 19_nr_richtlinie_gilt_parlaments; 20_compliancefunktion_torwachters_torwachter_leitungsorgan; 21_parlament_rat_bericht_ubermittelt; 22_begunstigten_ergebnisse_legitimen_eigentum; 23_behörden_zuständigen_mitgliedstaat_anwendung; 24_vorschlagen_arbeitsprogramm_einreichung_nutzung; 25_namen_teilt_mitgliedstaat_teilen"
n_neighbors = 7 min_dist = 0.0 min_cluster = 20 min_sample = 5;19.0;0.851920589919019;"0_hochrisikokisystem_hochrisikokisystemen_hochrisikokisystems_anbieter; 1_beschluss_torwachter_beurteilung_marktuntersuchung; 2_daten_recht_weiterverwendung_zugang; 3_erlassen_durchfuhrungsrechtsakt_delegierte_rechtsakte; 4_vorschriften_durchsetzung_nationale_behorde; 5_datenvermittlungsdiensten_datenvermittlungsdienste_anbieter_zustandigen; 6_eur_cluster_partnerschaften_programm; 7_rat_parlament_bericht_parlaments; 8_kosten_haushaltsordnung_ausgaben_programm; 9_daten_rahmen_maßnahme_unterstutzung; 10_normen_entwicklung_europäische_beratung; 11_notifizierten_stellen_stelle_notifizierende; 12_datenaltruistischen_organisationen_anerkannten_organisation; 13_ausschuss_widerruf_beschluss_angegebenen; 14_plattformdienste_unternehmen_zentrale_bereitstellt; 15_dateninhaber_daten_stelle_datenempfänger; 16_torwachter_gewerblichen_zentralen_softwareanwendungen; 17_sitz_assoziierten_rechtstrager_teilnahme; 18_geschaftstatigkeit_bestatigung_gilt_meldung"
n_neighbors = 5 min_dist = 0.1 min_cluster = 20 min_sample = 5;22.0;0.852268532300603;"0_hochrisikokisystem_hochrisikokisystemen_hochrisikokisystems_anbieter; 1_kosten_programms_haushaltsordnung_unterstutzung; 2_datenvermittlungsdiensten_datenvermittlungsdienste_anbieter_zustandigen; 3_ausschuss_ausschusses_benannten_gruppe; 4_notifizierten_stellen_notifizierte_stelle; 5_daten_weiterverwendung_stellen_nutzer; 6_daten_unterstutzung_verwendung_entwicklung; 7_erlassen_durchfuhrungsrechtsakt_rechtsakte_delegierte; 8_beschluss_beurteilung_torwachter_vorlaufigen; 9_partnerschaften_cluster_eur_programm; 10_geldbuße_frist_zahlung_auskunfte; 11_plattformdienste_unternehmen_zentrale_bereitstellt; 12_datenaltruistischen_organisationen_anerkannten_organisation; 13_geschaftstatigkeit_bestatigung_gilt_meldung; 14_durchsetzung_vorschriften_behorde_nachprufung; 15_sitz_assoziierten_rechtstrager_teilnahme; 16_monaten_marktuntersuchung_innerhalb_erlass; 17_dateninhaber_stelle_daten_öffentliche; 18_nr_richtlinie_gilt_parlaments; 19_normen_europäische_datenschutzbeauftragte_datenverarbeitungsdiensten; 20_compliancefunktion_torwachters_torwachter_leitungsorgan; 21_torwachter_gewerblichen_zentralen_softwareanwendungen"
n_neighbors = 5 min_dist = 0.25 min_cluster = 15 min_sample = 3;25.0;0.8528652594021554;"0_hochrisikokisystem_hochrisikokisystemen_hochrisikokisysteme_hochrisikokisystems; 1_kosten_programm_rahmen_programms; 2_daten_weiterverwendung_stellen_rechte; 3_ausschuss_widerruf_beschluss_angegebenen; 4_datenvermittlungsdiensten_datenvermittlungsdienste_anbieter_zustandigen; 5_durchsetzung_vorschriften_nationale_behorde; 6_datenaltruistischen_organisationen_anerkannten_organisation; 7_erlassen_durchfuhrungsrechtsakt_delegierte_rechtsakte; 8_plattformdienste_zentralen_torwachter_endnutzer; 9_notifizierten_stellen_stelle_notifizierende; 10_geldbuße_frist_auskunfte_geldbußen; 11_eur_cluster_konstanten_partnerschaften; 12_geschaftstatigkeit_bestatigung_meldung_gilt; 13_beschluss_beurteilung_vorlaufigen_torwachter; 14_sitz_assoziierten_rechtstrager_teilnahme; 15_marktuntersuchung_monaten_innerhalb_erlass; 16_nr_richtlinie_gilt_parlaments; 17_compliancefunktion_torwachters_torwachter_leitungsorgan; 18_einseitig_partei_auferlegt_klausel; 19_stelle_daten_dateninhaber_öffentliche; 20_verwendung_daten_verarbeitung_personenbezogener; 21_parlament_rat_bericht_ubermittelt; 22_behörden_zuständigen_mitgliedstaat_behörde; 23_normen_europäische_datenschutzbeauftragte_beauftragen; 24_entscheidung_drittlands_urteil_recht"
n_neighbors = 5 min_dist = 0.25 min_cluster = 10 min_sample = 2;34.0;0.8530725662589157;"0_hochrisikokisystem_hochrisikokisystemen_hochrisikokisysteme_hochrisikokisystems; 1_erlassen_durchsetzung_durchfuhrungsrechtsakt_vorschriften; 2_ausschuss_widerruf_beschluss_angegebenen; 3_kosten_mischfinanzierung_rahmen_haushaltsordnung; 4_datenvermittlungsdiensten_datenvermittlungsdienste_anbieter_zustandigen; 5_datenaltruistischen_organisationen_anerkannten_datenaltruistische; 6_geldbuße_geldbußen_frist_zuwiderhandlung; 7_eur_cluster_konstanten_partnerschaften; 8_weiterverwendung_daten_unionsrecht_rechtsvorschriften; 9_notifizierten_stellen_notifizierende_stelle; 10_beschluss_beurteilung_vorlaufigen_beabsichtigt; 11_sitz_assoziierten_rechtstrager_teilnahme; 12_monaten_marktuntersuchung_innerhalb_funf; 13_geschaftstatigkeit_bestatigung_meldung_gilt; 14_nr_richtlinie_gilt_parlaments; 15_daten_offentlichen_geschäftsgeheimnisse_weiterverwendung; 16_compliancefunktion_torwachters_leitungsorgan_interoperabilitat; 17_stelle_daten_dateninhaber_öffentliche; 18_behörden_zuständigen_mitgliedstaat_behörde; 19_parlament_rat_bericht_ubermittelt; 20_normen_europäische_datenschutzbeauftragte_beauftragen; 21_entscheidung_drittlands_recht_urteil; 22_softwareanwendungen_torwachter_torwachters_plattformdienste; 23_entwicklung_maßnahme_unterstutzung_beratung; 24_stellen_rechtsvorschriften_unionsrecht_einrichtungen; 25_intelligenz_künstlichen_künstliche_yyyxx; 26_unternehmen_plattformdienste_bereitstellt_zentrale; 27_namen_teilt_teilen_anderungen; 28_verwendung_personenbezogener_verarbeitung_daten; 29_arbeitsprogramm_vorschlagen_einreichung_nutzung; 30_markte_digitalen_verpflichtung_plattformdienste; 31_einseitig_partei_auferlegt_klausel; 32_programm_ausgaben_programms_genannte; 33_enthaltenen_rechtsetzung_interinstitutionellen_bessere"
n_neighbors = 5 min_dist = 0.25 min_cluster = 20 min_sample = 5;15.0;0.8534005939688869;"0_beschluss_erlassen_torwachter_gemaß; 1_hochrisikokisystem_hochrisikokisystemen_behörden_zuständigen; 2_datenvermittlungsdiensten_datenvermittlungsdienste_anbieter_zustandigen; 3_plattformdienste_torwachter_zentralen_gewerblichen; 4_kosten_haushaltsordnung_programms_unterstutzung; 5_eur_cluster_partnerschaften_programm; 6_daten_weiterverwendung_stellen_offentliche; 7_dateninhaber_daten_stelle_öffentlichen; 8_geschaftstatigkeit_bestatigung_gilt_meldung; 9_datenaltruistischen_organisationen_anerkannten_organisation; 10_begunstigten_ergebnisse_arbeitsprogramm_finanzhilfevereinbarung; 11_sitz_assoziierten_rechtstrager_teilnahme; 12_nr_richtlinie_gilt_parlaments; 13_rat_parlament_bericht_ubermittelt; 14_einseitig_partei_auferlegt_klausel"
n_neighbors = 5 min_dist = 0.1 min_cluster = 30 min_sample = 7;9.0;0.8535374021330382;"0_erlassen_beschluss_torwachter_durchsetzung; 1_daten_datenvermittlungsdiensten_datenaltruistischen_datenvermittlungsdienste; 2_hochrisikokisystem_hochrisikokisystemen_anbieter_hochrisikokisystems; 3_torwachter_plattformdienste_zentralen_gewerblichen; 4_notifizierten_stellen_stelle_notifizierte; 5_kosten_haushaltsordnung_programms_unterstutzung; 6_begunstigten_sitz_assoziierten_rechtstrager; 7_daten_unterstutzung_verwendung_entwicklung; 8_eur_cluster_partnerschaften_programm"
n_neighbors = 7 min_dist = 0.1 min_cluster = 20 min_sample = 5;21.0;0.8548562682066488;"0_hochrisikokisystem_hochrisikokisystemen_hochrisikokisysteme_anhang; 1_daten_weiterverwendung_recht_stellen; 2_vorschriften_durchsetzung_nationale_behorde; 3_beschluss_torwachter_beurteilung_geldbuße; 4_datenvermittlungsdiensten_datenvermittlungsdienste_anbieter_zustandigen; 5_erlassen_delegierte_rechtsakte_befugnis; 6_eur_cluster_partnerschaften_programm; 7_kosten_haushaltsordnung_maßnahme_ausgaben; 8_normen_europäische_beratung_entwicklung; 9_rat_parlament_bericht_europäischen; 10_gilt_nr_geschaftstatigkeit_bestatigung; 11_plattformdienste_unternehmen_zentrale_bereitstellt; 12_notifizierten_stellen_stelle_notifizierung; 13_datenaltruistischen_organisationen_anerkannten_organisation; 14_ergebnisse_begunstigten_ergebnissen_nutzung; 15_ausschuss_widerruf_beschluss_angegebenen; 16_dateninhaber_daten_stelle_datenempfänger; 17_sitz_assoziierten_rechtstrager_teilnahme; 18_torwachter_gewerblichen_zentralen_softwareanwendungen; 19_monaten_marktuntersuchung_innerhalb_erlass; 20_maßnahme_daten_verwendung_rahmen"
n_neighbors = 10 min_dist = 0.25 min_cluster = 30 min_sample = 7;4.0;0.8574391280544771;"0_maßnahmen_rahmen_gemaß_programm; 1_hochrisikokisystem_hochrisikokisystemen_anforderungen_notifizierten; 2_daten_dateninhaber_datenaltruistischen_organisationen; 3_datenvermittlungsdiensten_datenvermittlungsdienste_anbieter_zustandigen"
n_neighbors = 5 min_dist = 0.1 min_cluster = 10 min_sample = 2;37.0;0.85798308034791;"0_hochrisikokisystem_hochrisikokisystemen_hochrisikokisysteme_hochrisikokisystems; 1_programms_rahmen_programm_kosten; 2_datenvermittlungsdiensten_datenvermittlungsdienste_anbieter_zustandigen; 3_notifizierten_notifizierte_stellen_stelle; 4_geldbuße_frist_geldbußen_zahlung; 5_datenaltruistischen_organisationen_anerkannten_registrierung; 6_beschluss_beurteilung_vorlaufigen_torwachter; 7_weiterverwendung_daten_recht_unionsrecht; 8_torwachter_gewerblichen_zentralen_softwareanwendungen; 9_geschaftstatigkeit_bestatigung_meldung_gilt; 10_dateninhaber_daten_stelle_datenempfänger; 11_marktuntersuchung_monaten_innerhalb_funf; 12_sitz_assoziierten_rechtstrager_teilnahme; 13_entwicklung_maßnahme_unterstutzung_beratung; 14_daten_offentlichen_geschäftsgeheimnisse_weiterverwendung; 15_ausschuss_ausschusses_fragen_gruppe; 16_drittlands_entscheidung_recht_urteil; 17_durchsetzung_vorschriften_nationale_behorde; 18_nr_richtlinie_gilt_parlaments; 19_erlassen_durchfuhrungsrechtsakt_verpflichtungen_rechtsakte; 20_compliancefunktion_torwachters_leitungsorgan_interoperabilitat; 21_parlament_rat_bericht_ubermittelt; 22_normen_datenverarbeitungsdiensten_übertragbarkeit_interoperabilität; 23_vorschlagen_arbeitsprogramm_einreichung_nutzung; 24_begunstigten_ergebnisse_legitimen_eigentumer; 25_intelligenz_künstlichen_künstliche_yyyxx; 26_namen_teilt_anderungen_teilen; 27_verwendung_personenbezogener_verarbeitung_daten; 28_nummer_plattformdienste_sinne_onlinevermittlungsdienste; 29_informationen_veroffentlicht_zusammenfassung_auskunfte; 30_unternehmen_plattformdienste_bereitstellt_zentrale; 31_behörden_zuständigen_behörde_mitgliedstaat; 32_delegierte_übertragen_rechtsakte_befugnis; 33_eur_cluster_konstanten_preisen; 34_enthaltenen_bessere_interinstitutionellen_rechtsetzung; 35_einseitig_partei_auferlegt_klausel; 36_vorschlage_bewertung_bewertet_bewertungsausschuss"
n_neighbors = 7 min_dist = 0.1 min_cluster = 15 min_sample = 3;17.0;0.8603224078995212;"0_programm_eur_gemaß_programms; 1_hochrisikokisystem_hochrisikokisystemen_hochrisikokisysteme_hochrisikokisystems; 2_ausschuss_durchsetzung_nationale_vorschriften; 3_torwachter_plattformdienste_zentralen_gewerblichen; 4_daten_recht_unionsrecht_weiterverwendung; 5_normen_entwicklung_europäische_beratung; 6_datenvermittlungsdiensten_anbieter_datenvermittlungsdienste_behorde; 7_rat_parlament_bericht_europäischen; 8_datenaltruistischen_organisationen_anerkannten_registrierung; 9_ergebnisse_begunstigten_ergebnissen_nutzung; 10_notifizierten_stellen_stelle_notifizierung; 11_dateninhaber_daten_stelle_datenempfänger; 12_daten_weiterverwendung_dateninhaber_nutzer; 13_daten_rahmen_maßnahme_verwendung; 14_sitz_assoziierten_rechtstrager_teilnahme; 15_geschaftstatigkeit_bestatigung_gilt_meldung; 16_behörden_zuständigen_mitgliedstaat_behörde"
n_neighbors = 7 min_dist = 0.25 min_cluster = 10 min_sample = 2;32.0;0.8603344618377653;"0_eur_programms_programm_rahmen; 1_datenvermittlungsdiensten_datenvermittlungsdienste_anbieter_zustandigen; 2_daten_recht_weiterverwendung_entscheidung; 3_erlassen_delegierte_rechtsakte_befugnis; 4_beschluss_beurteilung_torwachter_vorlaufigen; 5_hochrisikokisystems_hochrisikokisysteme_inverkehrbringen_risiken; 6_datenaltruistischen_organisationen_anerkannten_registrierung; 7_maßnahme_daten_rahmen_verwendung; 8_dateninhaber_daten_stelle_datenempfänger; 9_einseitig_partei_auferlegt_klausel; 10_notifizierten_stellen_konformitätsbewertungstätigkeiten_notifizierung; 11_geschaftstatigkeit_bestatigung_gilt_meldung; 12_sitz_assoziierten_rechtstrager_teilnahme; 13_plattformdienste_unternehmen_zentrale_bereitstellt; 14_begunstigten_ergebnissen_ergebnisse_zugangsrechte; 15_torwachter_softwareanwendungen_torwachters_gewerblichen; 16_parlament_rat_bericht_ubermittelt; 17_weiterverwendung_daten_nutzer_produktes; 18_marktüberwachungsbehörde_kisystem_risiko_grundrechte; 19_hochrisikokisystem_händler_verkehr_betrieb; 20_behörden_mitgliedstaat_zuständigen_behörde; 21_ausschuss_gruppe_sitzungen_fragen; 22_geldbußen_auskunfte_unternehmensvereinigung_geldbuße; 23_nationale_hoheitsgebiet_befragung_informationen; 24_beratung_entwicklung_europaischer_datenschutzbeauftragte; 25_richtlinie_anhang_konformitätsbewertungsverfahren_hochrisikokisystemen; 26_namen_teilt_mitgliedstaat_teilen; 27_durchsetzung_vorschriften_nationale_mitgliedstaats; 28_intelligenz_künstlichen_künstliche_yyyxx; 29_richtlinie_parlaments_rates_tritt; 30_normen_beauftragen_fundstellen_genügen; 31_arbeitsprogramm_vorschlagen_einreichung_nutzung"
n_neighbors = 10 min_dist = 0.1 min_cluster = 30 min_sample = 7;3.0;0.9043392203354104;"0_daten_maßnahmen_stellen_torwachter; 1_parlament_rat_europäischen_beschluss; 2_normen_entwicklung_europäische_beratung"
n_neighbors = 10 min_dist = 0.0 min_cluster = 25 min_sample = 6;2.0;0.9074148485167423;"0_daten_maßnahmen_stellen_torwachter; 1_rat_parlament_europäischen_beschluss"
n_neighbors = 10 min_dist = 0.0 min_cluster = 30 min_sample = 7;2.0;0.9074148485167423;"0_daten_maßnahmen_stellen_torwachter; 1_rat_parlament_europäischen_beschluss"
n_neighbors = 7 min_dist = 0.0 min_cluster = 25 min_sample = 6;2.0;0.9082711573187625;"0_daten_maßnahmen_stellen_torwachter; 1_parlament_rat_europäischen_parlaments"
n_neighbors = 7 min_dist = 0.0 min_cluster = 30 min_sample = 7;2.0;0.9082711573187625;"0_daten_maßnahmen_stellen_torwachter; 1_parlament_rat_europäischen_parlaments"
n_neighbors = 7 min_dist = 0.1 min_cluster = 25 min_sample = 6;2.0;0.9208164145409528;"0_daten_maßnahmen_stellen_gemaß; 1_parlament_rat_bericht_europäischen"
n_neighbors = 7 min_dist = 0.1 min_cluster = 30 min_sample = 7;2.0;0.9208164145409528;"0_daten_maßnahmen_stellen_gemaß; 1_parlament_rat_bericht_europäischen"
n_neighbors = 7 min_dist = 0.25 min_cluster = 30 min_sample = 7;2.0;0.9227850378808733;"0_daten_maßnahmen_stellen_gemaß; 1_parlament_rat_bericht_europäischen"
n_neighbors = 7 min_dist = 0.25 min_cluster = 25 min_sample = 6;2.0;0.922881395291277;"0_daten_maßnahmen_stellen_torwachter; 1_parlament_rat_bericht_europäischen"
n_neighbors = 7 min_dist = 0.25 min_cluster = 20 min_sample = 5;2.0;0.9229168930584464;"0_daten_maßnahmen_stellen_torwachter; 1_parlament_rat_bericht_europäischen"
n_neighbors = 7 min_dist = 0.25 min_cluster = 15 min_sample = 3;2.0;0.9229261121325516;"0_daten_maßnahmen_stellen_torwachter; 1_parlament_rat_bericht_europäischen"
n_neighbors = 20 min_dist = 0.25 min_cluster = 10 min_sample = 2;1.0;0.9999999999999999;1_intelligenz_künstlichen_kisystems_künstliche
